,,,,,,,,,,,,,,,,,,,,,,,,
Physical Distance,Lime Distance,Hood Angle,Spinner RPM,Cal,Diff,RPM difference,actual RPM,% diff,,Simulation stuff,,,,,,,,,,,,,,
6,,,,,,,,,,,,,,,,,,,,,,,,
12,115,,,,,,,,,,,,,,,,,,,,,,,
18,2.921,2.92,25.8548,,,,,,,,,,,,,,,,,,,,,
24,,,,,,,,,,,,,,,,,,,,,,,,
30,,,,,,,,,,,,,Theta holds at 62,Theory,,,,,,,,,,
36,,,,,,,,,,X,Theta,Velocity (ft/s),Velocity (ft/s) - no theta,Angle,RPM,Robot Angle,Pos,RPM F,Pos F,distance to hub real,,,,
42,383,0,22.5,22.4728,0.0272,1.632,1348.368,0.12%,2696.736,74.5,64,20.6,21.2,62,1391.36,28,0,1365.06,0,1.2827,1365.1645,22.75274167,-4.413460265,-0.3249764572
48,,0,23,22.8832,0.1168,7.008,1372.992,0.51%,2745.984,80.5,64,20.6,21.4,62,1404.32,28,0,1385.64,0,1.4351,1385.7385,23.09564167,-2.723262579,-0.2005220783
54,,,23,23.2936,0.2936,17.616,1397.616,1.26%,2795.232,86.5,64,20.6,21.4,62,1404.32,28,0,1406.22,0,1.5875,1406.3125,23.43854167,-1.12039375,-0.08249798789
60,,,24,23.704,0.296,17.76,1422.24,1.25%,2844.48,92.5,62,21.5,21.4,62,1404.32,28,0,1426.8,0,1.7399,1426.8865,23.78144167,0.3951462212,0.02909581401
66,,,24,24.1144,0.1144,6.864,1446.864,0.47%,2893.728,98.5,60,22,21.8,60,1443.2,30,2,1447.38,1.90124,1.8923,1447.4605,24.12434167,1.823357335,0.1342593274
72,,,24,24.5248,0.5248,31.488,1471.488,2.14%,2942.976,104.5,58,22.5,22.2,58,1475.6,32,4,1467.96,3.25136,2.0447,1468.0345,24.46724167,3.164239591,0.2329925523
78,,,24,24.9352,0.9352,56.112,1496.112,3.75%,2992.224,110.5,57.5,22.5,22.6,57.5,1475.6,32.5,4.5,1488.54,4.51436,2.1971,1488.6085,24.81014167,4.417792989,0.3252954888
84,,,25,25.3456,0.3456,20.736,1520.736,1.36%,3041.472,116.5,57,23,23,57,1508,33,5,1509.12,5.69024,2.3495,1509.1825,25.15304167,5.58401753,0.4111681367
90,,,26,25.756,0.244,14.64,1545.36,0.95%,3090.72,122.5,55,23.2,23.4,55,1520.96,35,7,1529.7,6.779,2.5019,1529.7565,25.49594167,6.662913213,0.4906104961
96,,,27,26.1664,0.8336,50.016,1569.984,3.19%,3139.968,128.5,54,23.5,23.9,54,1540.4,36,8,1550.28,7.78064,2.6543,1550.3305,25.83884167,7.654480039,0.5636225671
102,,,27,26.5768,0.4232,25.392,1594.608,1.59%,3189.216,134.5,53.5,23.8,24.3,53.5,1559.84,36.5,8.5,1570.86,8.69516,2.8067,1570.9045,26.18174167,8.558718007,0.6302043495
108,,,27,26.9872,0.0128,0.768,1619.232,0.05%,3238.464,140.5,53.2,24.2,24.7,53.2,1585.76,36.8,8.8,1591.44,9.52256,2.9591,1591.4785,26.52464167,9.375627117,0.6903558435
114,,,28,27.3976,0.6024,36.144,1643.856,2.20%,3287.712,146.5,52,24.5,25.1,52,1605.2,38,10,1612.02,10.26284,3.1115,1612.0525,26.86754167,10.10520737,0.744077049
120,,,28,27.808,0.192,11.52,1668.48,0.69%,3336.96,152.5,51,25,25.4,51,1637.6,39,11,1632.6,10.916,3.2639,1632.6265,27.21044167,10.74745877,0.791367966
126,,,28,28.2184,0.2184,13.104,1693.104,0.77%,3386.208,158.5,50.5,25.3,25.9,50.5,1657.04,39.5,11.5,1653.18,11.48204,3.4163,1653.2005,27.55334167,11.3023813,0.8322285945
132,,,28.5,28.6288,0.1288,7.728,1717.728,0.45%,3435.456,164.5,50,25.8,26.3,50,1689.44,40,12,1673.76,11.96096,3.5687,1673.7745,27.89624167,11.76997498,0.8666589345
138,,,28.5,29.0392,0.5392,32.352,1742.352,1.86%,3484.704,170.5,49.5,26,26.7,49.5,1702.4,40.5,12.5,1694.34,12.35276,3.7211,1694.3485,28.23914167,12.15023981,0.894658986
144,,,29,29.4496,0.4496,26.976,1766.976,1.53%,3533.952,176.5,49.5,26.3,27.1,49.5,1721.84,40.5,12.5,1714.92,12.65744,3.8735,1714.9225,28.58204167,12.44317577,0.916228749
150,,,30,29.86,0.14,8.4,1791.6,0.47%,3583.2,182.5,49.5,26.5,27.5,49.5,1734.8,40.5,12.5,1735.5,12.875,4.0259,1735.4965,28.92494167,12.64878288,0.9313682235
156,,,,,,,,,,,,,,,,90,62,1756.08,,4.1783,1756.0705,29.26784167,12.76706113,0.9400774096
162,,,,,,,,,,,,,,,,90,62,1776.66,,4.3307,1776.6445,29.61074167,12.79801052,0.9423563071
168,,,,,,,,,,,,,,,,90,62,1797.24,,4.4831,1797.2185,29.95364167,12.74163105,0.9382049162
174,,,,,,,,,,,,,,,,90,62,1817.82,,4.6355,1817.7925,30.29654167,12.59792273,0.9276232367
180,,,,,,,,,,,,,,,,90,62,1838.4,,4.7879,1838.3665,30.63944167,12.36688555,0.9106112688
186,,,,,,,,,,,,,,,,90,62,1858.98,,4.9403,1858.9405,30.98234167,12.04851951,163.6292751
192,,,,,,,,,,,,,,,,90,62,1879.56,,5.0927,1879.5145,31.32524167,11.64282461,158.1195889
198,,,,,,,,,,,,,,,,90,62,1900.14,,5.2451,1900.0885,31.66814167,11.14980086,151.4239016
204,,,,,,,,,,,,,,,,90,62,1920.72,,5.3975,1920.6625,32.01104167,10.56944825,143.5422131
210,,,,,,,,,,,,,,,,90,62,1941.3,,5.5499,1941.2365,32.35394167,9.901766781,134.4745236
216,,,,,,,,,,,,,,,,90,62,1961.88,,5.7023,1961.8105,32.69684167,9.146756455,124.2208329
222,,,,,,,,,,,,,,,,90,62,1982.46,,5.8547,1982.3845,33.03974167,8.304417271,112.781141
228,,,,,,,,,,,,,,,,90,62,2003.04,,6.0071,2002.9585,33.38264167,7.374749229,100.1554481
234,,,,,,,,,,,,,,,,90,62,2023.62,,6.1595,2023.5325,33.72554167,6.35775233,86.34375404
240,,,,,,,,,,,,,,,,90,62,2044.2,,6.3119,2044.1065,34.06844167,5.253426573,71.34605885
246,,,,,,,,,,,,,,,,90,62,2064.78,,6.4643,2064.6805,34.41134167,4.061771959,55.16236254
252,,,,,,,,,,,,,,,,90,62,2085.36,,6.6167,2085.2545,34.75424167,2.782788487,37.79266511
258,,,,,,,,,,,,,,,,90,62,2105.94,,6.7691,2105.8285,35.09714167,1.416476157,19.23696655
264,,,,,,,,,,,,,,,,90,62,2126.52,,6.9215,2126.4025,35.44004167,-0.03716503,-0.5047331262
270,,,,,,,,,,,,,,,,90,62,2147.1,,7.0739,2146.9765,35.78294167,-1.578135075,-21.43243393
276,,,,,,,,,,,,,,,,90,62,2167.68,,7.2263,2167.5505,36.12584167,-3.206433977,-43.54613585
282,,,,,,,,,,,,,,,,90,62,2188.26,,7.3787,2188.1245,36.46874167,-4.922061737,-66.8458389
288,,,,,,,,,,,,,,,,90,62,2208.84,,7.5311,2208.6985,36.81164167,-6.725018355,-91.33154306
294,,,,,,,,,,,,,,,,90,62,2229.42,,7.6835,2229.2725,37.15454167,-8.61530383,-117.0032484
300,,,,,,,,,,,,,,,,90,62,2250,,308.5,42839.5,713.9916667,-173948.23,-2362366.825
306,,,,,,,,,,,,,,,,90,62,2270.58,,314.5,43649.5,727.4916667,-180878.47,-2456485.455
312,,,,,,,,,,,,,,,,90,62,2291.16,,320.5,44459.5,740.9916667,-187944.07,-2552442.39
318,,,,,,,,,,,,,,,,90,62,2311.74,,326.5,45269.5,754.4916667,-195145.03,-2650237.631
324,,,,,,,,,,,,,,,,90,62,2332.32,,332.5,46079.5,767.9916667,-202481.35,-2749871.177
330,,,,,,,,,,,,,,,,90,62,2352.9,,338.5,46889.5,781.4916667,-209953.03,-2851343.028
336,,,,,,,,,,,,,,,,90,62,2373.48,,344.5,47699.5,794.9916667,-217560.07,-2954653.185
342,,,,,,,,,,,,,,,,90,62,2394.06,,350.5,48509.5,808.4916667,-225302.47,-3059801.647
348,,,,,,,,,,,,,,,,90,62,2414.64,,356.5,49319.5,821.9916667,-233180.23,-3166788.415
354,,,,,,,,,,,,,,,,90,62,2435.22,,362.5,50129.5,835.4916667,-241193.35,-3275613.488
360,,,,,,,,,,,,,,,,90,62,2455.8,,368.5,50939.5,848.9916667,-249341.83,-3386276.867
366,,,,,,,,,,,,,,,,90,62,2476.38,,374.5,51749.5,862.4916667,-257625.67,-3498778.551
372,,,,,,,,,,,,,,,,90,62,2496.96,,380.5,52559.5,875.9916667,-266044.87,-3613118.54
378,,,,,,,,,,,,,,,,90,62,2517.54,,386.5,53369.5,889.4916667,-274599.43,-3729296.835
384,,,,,,,,,,,,,,,,90,62,2538.12,,392.5,54179.5,902.9916667,-283289.35,-3847313.435
390,,,,,,,,,,,,,,,,90,62,2558.7,,398.5,54989.5,916.4916667,-292114.63,-3967168.341
396,,,,,,,,,,,,,,,,90,62,2579.28,,404.5,55799.5,929.9916667,-301075.27,-4088861.552
402,,,,,,,,,,,,,,,,90,62,2599.86,,410.5,56609.5,943.4916667,-310171.27,-4212393.068
408,,,,,,,,,,,,,,,,90,62,2620.44,,416.5,57419.5,956.9916667,-319402.63,-4337762.89
414,,,,,,,,,,,,,,,,90,62,2641.02,,422.5,58229.5,970.4916667,-328769.35,-4464971.018
420,,,,,,,,,,,,,,,,90,62,2661.6,,428.5,59039.5,983.9916667,-338271.43,-4594017.45
426,,,,,,,,,,,,,,,,90,62,2682.18,,434.5,59849.5,997.4916667,-347908.87,-4724902.189
432,,,,,,,,,,,,,,,,90,62,2702.76,,440.5,60659.5,1010.991667,-357681.67,-4857625.232
438,,,,,,,,,,,,,,,,90,62,2723.34,,446.5,61469.5,1024.491667,-367589.83,-4992186.581
444,,,,,,,,,,,,,,,,90,62,2743.92,,452.5,62279.5,1037.991667,-377633.35,-5128586.235
450,,,,,,,,,,,,,,,,90,62,2764.5,,458.5,63089.5,1051.491667,-387812.23,-5266824.195
456,,,,,,,,,,,,,,,,90,62,2785.08,,464.5,63899.5,1064.991667,-398126.47,-5406900.46
462,,,,,,,,,,,,,,,,90,62,2805.66,,470.5,64709.5,1078.491667,-408576.07,-5548815.031
468,,,,,,,,,,,,,,,,90,62,2826.24,,476.5,65519.5,1091.991667,-419161.03,-5692567.907
474,,,,,,,,,,,,,,,,90,62,2846.82,,482.5,66329.5,1105.491667,-429881.35,-5838159.089
480,,,,,,,,,,,,,,,,90,62,2867.4,,488.5,67139.5,1118.991667,-440737.03,-5985588.576